<?xml version="1.0" encoding="UTF-8"?>
<metadata xmlns="http://www.demandware.com/xml/impex/metadata/2006-10-31">
    <type-extension type-id="PaymentMethod">
        <custom-attribute-definitions>
            <attribute-definition attribute-id="pointspayEnvironment">
                <display-name xml:lang="x-default">Environment</display-name>
                <type>enum-of-string</type>
                <mandatory-flag>true</mandatory-flag>
                <externally-managed-flag>false</externally-managed-flag>
                <value-definitions>
                    <value-definition default="true">
                        <value>TEST</value>
                    </value-definition>
                    <value-definition>
                        <value>LIVE</value>
                    </value-definition>
                </value-definitions>
            </attribute-definition>
        
            <attribute-definition attribute-id="pointspayTestShopCode">
                <display-name xml:lang="x-default">Test shop code</display-name>
                <type>string</type>
                <mandatory-flag>true</mandatory-flag>
                <externally-managed-flag>false</externally-managed-flag>
                <min-length>0</min-length>
            </attribute-definition>
            <attribute-definition attribute-id="pointspayTestConsumerKey">
                <display-name xml:lang="x-default">Test consumer key</display-name>
                <type>string</type>
                <mandatory-flag>true</mandatory-flag>
                <externally-managed-flag>false</externally-managed-flag>
                <min-length>0</min-length>
            </attribute-definition>
            <attribute-definition attribute-id="pointspayTestPrivateKey">
                <display-name xml:lang="x-default">Test private key</display-name>
                <type>text</type>
                <mandatory-flag>true</mandatory-flag>
                <externally-managed-flag>false</externally-managed-flag>
                <min-length>0</min-length>
            </attribute-definition>
            <attribute-definition attribute-id="pointspayTestPublicKey">
                <display-name xml:lang="x-default">Test Pointspay public key</display-name>
                <type>text</type>
                <mandatory-flag>true</mandatory-flag>
                <externally-managed-flag>false</externally-managed-flag>
                <min-length>0</min-length>
            </attribute-definition>
            <attribute-definition attribute-id="pointspayLiveShopCode">
                <display-name xml:lang="x-default">Live shop code</display-name>
                <type>string</type>
                <mandatory-flag>true</mandatory-flag>
                <externally-managed-flag>false</externally-managed-flag>
                <min-length>0</min-length>
            </attribute-definition>
            <attribute-definition attribute-id="pointspayLiveConsumerKey">
                <display-name xml:lang="x-default">Live consumer key</display-name>
                <type>string</type>
                <mandatory-flag>true</mandatory-flag>
                <externally-managed-flag>false</externally-managed-flag>
                <min-length>0</min-length>
            </attribute-definition>
            <attribute-definition attribute-id="pointspayLivePrivateKey">
                <display-name xml:lang="x-default">Live private key</display-name>
                <type>text</type>
                <mandatory-flag>true</mandatory-flag>
                <externally-managed-flag>false</externally-managed-flag>
                <min-length>0</min-length>
            </attribute-definition>
            <attribute-definition attribute-id="pointspayLivePublicKey">
                <display-name xml:lang="x-default">Live Pointspay public key</display-name>
                <type>text</type>
                <mandatory-flag>true</mandatory-flag>
                <externally-managed-flag>false</externally-managed-flag>
                <min-length>0</min-length>
            </attribute-definition>
            <attribute-definition attribute-id="pointspayDebugMode">
                <display-name xml:lang="x-default">Debug mode</display-name>
                <type>boolean</type>
                <mandatory-flag>false</mandatory-flag>
                <externally-managed-flag>false</externally-managed-flag>
            </attribute-definition>
        </custom-attribute-definitions>
        <group-definitions>
            <attribute-group group-id="Pointspay">
                <display-name xml:lang="x-default">Pointspay</display-name>
                <attribute attribute-id="pointspayEnvironment"/>
                
                <attribute attribute-id="pointspayTestShopCode"/>
                <attribute attribute-id="pointspayTestConsumerKey"/>
                <attribute attribute-id="pointspayTestPrivateKey"/>
                <attribute attribute-id="pointspayTestPublicKey"/>
                <attribute attribute-id="pointspayLiveShopCode"/>
                <attribute attribute-id="pointspayLiveConsumerKey"/>
                <attribute attribute-id="pointspayLivePrivateKey"/>
                <attribute attribute-id="pointspayLivePublicKey"/>
                <attribute attribute-id="pointspayDebugMode"/>
            </attribute-group>
        </group-definitions>
</type-extension>
<type-extension type-id="Order">
        <custom-attribute-definitions>
            <attribute-definition attribute-id="pointspayRedirectUrl">
                <display-name xml:lang="x-default">Pointspay redirect URL</display-name>
                <type>string</type>
                <mandatory-flag>false</mandatory-flag>
                <externally-managed-flag>false</externally-managed-flag>
                <min-length>0</min-length>
            </attribute-definition>
        </custom-attribute-definitions>
    </type-extension>
</metadata>