<?xml version="1.0" encoding="UTF-8"?>
<payment-settings xmlns="http://www.demandware.com/xml/impex/paymentsettings/2009-09-15">
    <payment-method method-id="POINTSPAY_PP">
        <name xml:lang="x-default">Pointspay</name>
        <enabled-flag>true</enabled-flag>
        <processor-id>POINTSPAY</processor-id>
        <countries>
            <country country-code="AF"/>
            <country country-code="AF"/>
			<country country-code="AX"/>
			<country country-code="AL"/>
			<country country-code="DZ"/>
			<country country-code="AD"/>
			<country country-code="AO"/>
			<country country-code="AI"/>
			<country country-code="AQ"/>
			<country country-code="AG"/>
			<country country-code="AR"/>
			<country country-code="AM"/>
			<country country-code="AW"/>
			<country country-code="AU"/>
			<country country-code="AT"/>
			<country country-code="AZ"/>
			<country country-code="BS"/>
			<country country-code="BH"/>
			<country country-code="BD"/>
			<country country-code="BB"/>
			<country country-code="BY"/>
			<country country-code="BE"/>
			<country country-code="BZ"/>
			<country country-code="BJ"/>
			<country country-code="BM"/>
			<country country-code="BT"/>
			<country country-code="BO"/>
			<country country-code="BQ"/>
			<country country-code="BA"/>
			<country country-code="BW"/>
			<country country-code="BV"/>
			<country country-code="BR"/>
			<country country-code="IO"/>
			<country country-code="BN"/>
			<country country-code="BG"/>
			<country country-code="BF"/>
			<country country-code="BI"/>
			<country country-code="KH"/>
			<country country-code="CM"/>
			<country country-code="CA"/>
			<country country-code="CV"/>
			<country country-code="KY"/>
			<country country-code="CF"/>
			<country country-code="TD"/>
			<country country-code="CL"/>
			<country country-code="CN"/>
			<country country-code="CX"/>
			<country country-code="CC"/>
			<country country-code="CO"/>
			<country country-code="KM"/>
			<country country-code="CG"/>
			<country country-code="CD"/>
			<country country-code="CK"/>
			<country country-code="CR"/>
			<country country-code="CI"/>
			<country country-code="HR"/>
			<country country-code="CU"/>
			<country country-code="CW"/>
			<country country-code="CY"/>
			<country country-code="CZ"/>
			<country country-code="DK"/>
			<country country-code="DJ"/>
			<country country-code="DM"/>
			<country country-code="DO"/>
			<country country-code="EC"/>
			<country country-code="EG"/>
			<country country-code="SV"/>
			<country country-code="GQ"/>
			<country country-code="ER"/>
			<country country-code="EE"/>
			<country country-code="ET"/>
			<country country-code="FK"/>
			<country country-code="FO"/>
			<country country-code="FJ"/>
			<country country-code="FI"/>
			<country country-code="FR"/>
			<country country-code="GF"/>
			<country country-code="PF"/>
			<country country-code="TF"/>
			<country country-code="GA"/>
			<country country-code="GM"/>
			<country country-code="GE"/>
			<country country-code="DE"/>
			<country country-code="GH"/>
			<country country-code="GI"/>
			<country country-code="GR"/>
			<country country-code="GL"/>
			<country country-code="GD"/>
			<country country-code="GP"/>
			<country country-code="GT"/>
			<country country-code="GG"/>
			<country country-code="GN"/>
			<country country-code="GW"/>
			<country country-code="GY"/>
			<country country-code="HT"/>
			<country country-code="HM"/>
			<country country-code="VA"/>
			<country country-code="HN"/>
			<country country-code="HU"/>
			<country country-code="IS"/>
			<country country-code="IN"/>
			<country country-code="ID"/>
			<country country-code="IR"/>
			<country country-code="IQ"/>
			<country country-code="IE"/>
			<country country-code="IM"/>
			<country country-code="IL"/>
			<country country-code="IT"/>
			<country country-code="JM"/>
			<country country-code="JP"/>
			<country country-code="JE"/>
			<country country-code="JO"/>
			<country country-code="KZ"/>
			<country country-code="KE"/>
			<country country-code="KI"/>
			<country country-code="KP"/>
			<country country-code="KR"/>
			<country country-code="KW"/>
			<country country-code="KG"/>
			<country country-code="LA"/>
			<country country-code="LV"/>
			<country country-code="LB"/>
			<country country-code="LS"/>
			<country country-code="LR"/>
			<country country-code="LY"/>
			<country country-code="LI"/>
			<country country-code="LT"/>
			<country country-code="LU"/>
			<country country-code="MO"/>
			<country country-code="MK"/>
			<country country-code="MG"/>
			<country country-code="MW"/>
			<country country-code="MY"/>
			<country country-code="MV"/>
			<country country-code="ML"/>
			<country country-code="MT"/>
			<country country-code="MQ"/>
			<country country-code="MR"/>
			<country country-code="MU"/>
			<country country-code="YT"/>
			<country country-code="MX"/>
			<country country-code="MD"/>
			<country country-code="MC"/>
			<country country-code="MN"/>
			<country country-code="ME"/>
			<country country-code="MS"/>
			<country country-code="MA"/>
			<country country-code="MZ"/>
			<country country-code="MM"/>
			<country country-code="NA"/>
			<country country-code="NR"/>
			<country country-code="NP"/>
			<country country-code="NL"/>
			<country country-code="NC"/>
			<country country-code="NZ"/>
			<country country-code="NI"/>
			<country country-code="NE"/>
			<country country-code="NG"/>
			<country country-code="NU"/>
			<country country-code="NF"/>
			<country country-code="NO"/>
			<country country-code="OM"/>
			<country country-code="PK"/>
			<country country-code="PS"/>
			<country country-code="PA"/>
			<country country-code="PG"/>
			<country country-code="PY"/>
			<country country-code="PE"/>
			<country country-code="PH"/>
			<country country-code="PN"/>
			<country country-code="PL"/>
			<country country-code="PT"/>
			<country country-code="QA"/>
			<country country-code="RE"/>
			<country country-code="RO"/>
			<country country-code="RU"/>
			<country country-code="RW"/>
			<country country-code="BL"/>
			<country country-code="SH"/>
			<country country-code="KN"/>
			<country country-code="LC"/>
			<country country-code="MF"/>
			<country country-code="PM"/>
			<country country-code="VC"/>
			<country country-code="WS"/>
			<country country-code="SM"/>
			<country country-code="ST"/>
			<country country-code="SA"/>
			<country country-code="SN"/>
			<country country-code="RS"/>
			<country country-code="SC"/>
			<country country-code="SL"/>
			<country country-code="SG"/>
			<country country-code="SX"/>
			<country country-code="SK"/>
			<country country-code="SI"/>
			<country country-code="SB"/>
			<country country-code="SO"/>
			<country country-code="ZA"/>
			<country country-code="GS"/>
			<country country-code="SS"/>
			<country country-code="ES"/>
			<country country-code="LK"/>
			<country country-code="SD"/>
			<country country-code="SR"/>
			<country country-code="SJ"/>
			<country country-code="SZ"/>
			<country country-code="SE"/>
			<country country-code="CH"/>
			<country country-code="SY"/>
			<country country-code="TW"/>
			<country country-code="TJ"/>
			<country country-code="TZ"/>
			<country country-code="TH"/>
			<country country-code="TL"/>
			<country country-code="TG"/>
			<country country-code="TK"/>
			<country country-code="TO"/>
			<country country-code="TT"/>
			<country country-code="TN"/>
			<country country-code="TR"/>
			<country country-code="TM"/>
			<country country-code="TC"/>
			<country country-code="TV"/>
			<country country-code="UG"/>
			<country country-code="UA"/>
			<country country-code="AE"/>
			<country country-code="GB"/>
			<country country-code="US"/>
			<country country-code="UY"/>
			<country country-code="UZ"/>
			<country country-code="VU"/>
			<country country-code="VE"/>
			<country country-code="VN"/>
			<country country-code="VG"/>
			<country country-code="WF"/>
			<country country-code="EH"/>
			<country country-code="YE"/>
			<country country-code="ZM"/>
			<country country-code="ZW"/>
        </countries>
    </payment-method>
	<payment-method method-id="POINTSPAY_FBP">
        <name xml:lang="x-default">Flying Blue+</name>
        <enabled-flag>true</enabled-flag>
        <processor-id>POINTSPAY</processor-id>
        <countries>
            <country country-code="FR"/>
            <country country-code="NL"/>
        </countries>
    </payment-method>
</payment-settings>
